{
  "reference_temp": 30.0,
  "k_soft": 9,
  "k_medium": 20,
  "k_hard": 30,
  "fresh_offset_soft": -0.030440020684253808,
  "fresh_offset_medium": -0.02186064290929131,
  "fresh_offset_hard": -0.018110983319605062,
  "worn_offset_soft": -0.01101193976044751,
  "worn_offset_medium": -0.006534257280624823,
  "worn_offset_hard": 0.0006001651507642853,
  "lin_soft": 0.002017384736893791,
  "lin_medium": 0.0016164766762731208,
  "lin_hard": 0.0002559743880469852,
  "quad_soft": 0.000520694467314338,
  "quad_medium": 0.00017716311148417555,
  "quad_hard": 5.9348161649521556e-05,
  "temp_deg_soft": -6.148522526572059e-05,
  "temp_deg_medium": -9.995515765913106e-05,
  "temp_deg_hard": -7.836163580048404e-05,
  "start_bonus_soft": 0.0003914787956971167,
  "start_bonus_medium": -0.0013286933378672578,
  "start_bonus_hard": 0.0012234778157106775,
  "start_shape_soft": 0.0,
  "start_shape_medium": 0.0002408614347119645,
  "start_shape_hard": 0.0,
  "final_bonus_soft": -0.0024510152320970364,
  "final_bonus_medium": 0.002392595492670864,
  "final_bonus_hard": 0.00017353047652872932,
  "pit_count_bonus": 0.012051653287874716,
  "trans_soft_hard": 0.00958287139764989,
  "trans_soft_medium": 0.0054399710529129215,
  "trans_medium_hard": -0.0005670784255822717,
  "trans_medium_soft": -0.0046131321098677736,
  "trans_hard_medium": -0.007283573317447522,
  "trans_hard_soft": 0.004034294472789126
}