{
  "reference_temp": 30.0,
  "k_soft": 9,
  "k_medium": 19,
  "k_hard": 28,
  "fresh_offset_soft": -0.019175744948697563,
  "fresh_offset_medium": -0.009580977203767289,
  "fresh_offset_hard": -0.0013272986209464813,
  "worn_offset_soft": -0.005251492856752669,
  "worn_offset_medium": -0.0010731901588795984,
  "worn_offset_hard": -0.0001101299656555862,
  "lin_soft": 0.001609468128631652,
  "lin_medium": 0.0002612516314070201,
  "lin_hard": 4.213821394988432e-05,
  "quad_soft": 0.0012354820250228796,
  "quad_medium": 0.0005251026816657026,
  "quad_hard": 0.00019357932810271734,
  "temp_deg_soft": -9.243267937149469e-05,
  "temp_deg_medium": -0.00023239412089530825,
  "temp_deg_hard": 8.551741895412947e-05,
  "final_bonus_soft": -0.0005965244208117413,
  "final_bonus_medium": 0.0004843429322952571,
  "final_bonus_hard": -2.4453721134788512e-05,
  "pit_count_bonus": -0.018186002354879653,
  "trans_soft_hard": 0.005614618479985732,
  "trans_soft_medium": -0.0011160445030899907,
  "trans_medium_hard": 0.006560210299331801,
  "trans_medium_soft": 0.004902546100212559,
  "trans_hard_medium": -0.003380933339846087,
  "trans_hard_soft": 0.003553627698268385
}